Algorithm,Total_Jobs,Missed_Deadlines,Avg_Response_Time,Max_Response_Time,Min_Response_Time,CPU_Utilization
EDF,610,0,82.26229508196721,485,25,92.16666666666666
RM,610,0,84.04918032786885,485,32,92.16666666666666
FIFO,610,300,119.72131147540983,272,32,92.16666666666666
